first_name,last_name,Gender,Date_of_Birth,email,password
Amer,Agah,male,1990-03-26,orange@mtn,0
Olivier,Ngnamsi,male,1998-05-25,ngnamsio@gmail.com,123456popo
Eva,Mendez,female,2024-04-16,evamendez@uba.com,45678
"Bob Ly";"Swagger";"male";"2024-04-02";"bobly@gmail.com";"abcd"
"Nchout";"Adjara";"female";"2022-01-05";"nchout@gmail.com";"wert"
"Mercy";"Johnson";"female";"2010-02-26";"johnson@yahoo.com";"qwer"
"Mireille";"Tchengang";"female";"2009-04-14";"tchengang@gmail.com";"asdf"
"michaela";"walsh";"female";"1995-03-31";"walsh@gmail.com";"7894"
"betrand ";"kamga";"male";"1974-12-05";"kamga@mtn.com";"1234"
"Herve";"renard";"male";"1958-10-08";"herve@mtn.fr";"1234"
"God";"Father";"male";"1978-06-20";"father@gmail.com";"1234"
"Nelson ";"Mandela";"male";"2012-03-23";"mandela@mtn.com";"1234"
"sadjo";"mane";"male";"2024-04-03";"sadjo@mtn.com";"1234"
"leumen ";"andre";"male";"2024-02-06";"andre@yahoo.fr";"1234"
"koulou";"latortue";"male";"1942-03-17";"latortur@gmail.com";"1234"
"franck";"lampard";"male";"2004-05-03";"lampard@gmail.com";"1452"
"henri";"bourassa";"male";"2024-04-02";"henri@mtn.com";"1023"
"Njie";"Clinton";"male";"2024-04-16";"clinton@mtn.com";"1203"
"samuel ";"eboua";"male";"2024-04-23";"samuel@mtn.com";"14706@Qg>B2DF*Fn]43"
"kawala";"justine";"female";"2024-04-10";"kawala@mtn.com";"cvbn"
"jean";"talon";"female";"2024-04-08";"talon@gmail.com";"wdfgh"
"maurice ";"duplexis";"male";"2022-02-24";"maurice@mtn.com";"12346@Qg>B2DF*Fn]43"
"anna";"mendosa";"female";"2002-06-05";"mendosa@mtn.com";"4782"
"maria";"dolores";"female";"2024-04-01";"dolores@gmail.com";"4561"
"kala";"nkongo";"male";"1952-12-19";"nkongo@mtn.com";"4563"
"tanwa";"simone";"female";"1959-04-08";"tanwa@mtn.com";"1234"
"renal";"regan";"male";"2011-09-20";"renal@mtn.com";"4563"
"jacky";"rapon";"female";"2024-04-16";"rapon@mtn.com";"1234"
"Nina ";"Mayers";"female";"2009-09-07";"mayers@mtn.com";"1234"
"habib";"Marwan";"male";"2024-04-02";"habib@gmail.com";"45562"
"eric";"ternag";"male";"2024-04-11";"ternag@mtn.com";"qwer"
"petit";"pays";"male";"2024-04-03";"pays@mtn.com";"azsx"
"one";"love";"female";"2024-04-10";"love@mtn.com";"1qaz"
"moyo";"paul";"male";"2024-04-04";"moyo@mtn.com";"1qaz"
"clara ";"owen";"female";"2024-04-02";"owen@yahoo.fr";"1234"
"red";"devils";"female";"2024-04-11";"devils@mtn.com";"12345"
"joe";"john";"male";"2024-04-08";"john@mtn.com";"sdfg"
"ben";"affeck";"male";"2024-04-11";"affleck@yahoo.fr";"qwer"
"luc";"barnes";"male";"2024-04-12";"barnes@mtn.com";"dcfv"
"alek";"baldouin";"female";"";"baldouin@mtn.com";"12345"
"mage";"simpson";"female";"2024-04-03";"simpson@mtn.com";"qwer"
"alan ";"miliken";"male";"2024-04-17";"miliken@mtn.com";"qwer"
"tom";"jerry";"male";"2024-04-10";"jerry@mtn.com";"asdf"
"mark";"jeffrey";"male";"2024-04-08";"mark@mtn.com";"1234"
"moh";"sallah";"male";"2024-04-08";"sallah@mtn.com";"1234"
"njitap";"geremi";"male";"2024-04-10";"geremi@mtn.com";"qwer"
"kyle";"morgan";"male";"2024-04-02";"morgan@mtn.com";"1234`"
"Wayne";"forest";"female";"1953-02-01";"forest@mtn.com";"qwert"
"rene";"pierre";"female";"2024-04-26";"pierre@mtn.com";"1234"
"celest";"victorien";"male";"2024-04-08";"victorien@mtn.com";"1478"
"Marc";"Brys";"male";"2024-04-08";"brys@mtn.com";"1234"
"ange";"ngono";"female";"2024-04-17";"ngono@mtn.com";"sdfg"
"cabral";"libi";"male";"2024-04-17";"libi@mtn.com";"bnmk"
"kerry";"adriano";"male";"2024-04-10";"kerry@mtn.com";"asdf"
"Jim";"Carry";"male";"2024-04-16";"carry@mtn.com";"wert"
"Tim  ";"dacota";"male";"2024-04-10";"dacota@mtn.com";"tygh"
"big jeff   ";"capon";"male";"2024-04-24";"capon@mtn.com";"sxcd"
"guy homer";"baba";"male";"2024-04-11";"baba@mtn.com";"asdf"
"sylvain";"kembao";"female";"2024-04-24";"kembao@yahoo.fr";"1234"
"victor";"osihmen";"male";"2024-04-08";"asihmen@mtn.com";"qwer"
"ferera";"rocher";"female";"2024-04-02";"ferera@mtn.com";"asdf"
"pierrette";"Adams";"female";"2024-04-08";"adams@mtn.com";"1235"
"monique";"seka";"female";"2024-04-02";"seka@mtn.com";"qazxsw6@Qg>B2DF*Fn]43"
"melissa";"harper";"female";"2024-04-05";"harper@mtn.com";"qwert"
"Inna";"Miller";"female";"2024-04-09";"miller@mtn.com";"6@Qg>B2DF*Fn]43qzxc"
"melanie";"baer";"female";"2024-04-18";"melanie@mtn.com";"qwert"
"Moon";"Walker";"male";"2024-04-10";"walker@mtn.com";"jack"
